Column / Code,Meaning
Data (Shortlist),Verified = confirmed from official 2025-26 source (green). Approx = planning estimate (amber) - verify CDS.
Verified so far,"MIT 4.6% admit / COA $89,340; UPenn 4.24% / SAT 1510-1560; Cornell 8.4% / SAT ~1500-1570."
Your Odds,"Personalized admit-chance estimate (approx, not a guarantee)."
Adviser Score,Internal 0-100 fit/strength score (higher = better).
Admit %,Approx overall admit rate (CDS). Impacted CS majors are often much lower.
Mid-50 SAT,Approx middle-50% total SAT. 'Blind' = test-blind (SAT not used).
Test Policy,Req=required; Opt=test-optional; Blind=test-blind.
CDS Key Factors,"CDS C7 'very important': R=rigor, G=GPA, Rk=rank, T=tests, E=essay, Rec=recs, EC=activities, C=character, Tal=talent."
Need (You),US citizen: NB=need-blind (full-pay neutral); NA=need-aware (full-pay helps).
Full-Pay Effect,Neu=neutral; Edge=helps admit odds; Rev=OOS full-pay revenue welcomed (publics).
Merit,"N=none (aid need-only, full sticker); Ltd=limited/competitive; Y=meaningful merit possible."
COA/yr,Approx full sticker cost of attendance; 'OOS'=non-resident public rate.
Preferred LoRs,Sch=counselor/teacher; CEO=COEO internship; MS=Microsoft researcher (Dr. Abir). UC/CSU use no LoRs.
Round (Nov 1),ED/EA/REA/RD/rolling; UC & CSU due ~Nov 30 (no early round).
,
IMPORTANT,"Approximate planning aid. Verify each school's official latest CDS, net-price calculator, deadlines, and test/merit policy."
Residency,"US citizen residing in India => non-CA-resident for UC/CSU (non-resident tuition, tougher OOS bar, little/no merit)."
Full-pay strategy,No FAFSA/need aid. Check 'not applying for financial aid'. Use ED aggressively (zero financial risk). Chase merit only at Y schools.
