Aditya - Locked Shortlist (30) + Application-Round Plan,,,,,,,,,,
"STRATEGY (full-pay = ED carries zero financial risk): ED I -> UPenn M&T (biggest boost). ED II -> NYU if ED I unsuccessful. Non-binding EA everywhere allowed (MIT, Caltech, UChicago, GT, UIUC, Michigan, USC, Northeastern, Purdue, Wisconsin, Ohio State). REA schools (Stanford/Harvard/Princeton) conflict with ED -> kept RD. UC & CSU due Nov 30 (test-blind, no LoRs). Deadlines are typical 2026-27 - VERIFY each. Green=CDS-verified, Amber=approx.",,,,,,,,,,
,,,,,,,,,,
#,Tier,University,Program,Round Plan,Deadline (2026-27),Admit %,Mid-50 SAT,COA/yr,Data,Role in portfolio / why
1,Reach,MIT,EECS (6-3),EA (non-binding),"Nov 1, 2026",4.6%,1520-1580,"$89,340",Verified,Top reach; EA free upside; submit Math 750
2,Reach,Stanford,CS / Symbolic Systems,RD,"Jan 5, 2027",~3.7%,1500-1570,~$92k,Approx,REA would block your ED - go RD
3,Reach,Caltech,CS,EA (non-restrictive),"Nov 1, 2026",~3%,1530-1580,~$90k,Approx,Quant-heavy; EA free upside
4,Reach,Princeton,ORFE,RD,"Jan 1, 2027",~4.5%,1500-1570,~$90k,Approx,ORFE=AIxfinance fit; RD (REA blocks ED)
5,Reach,Harvard,CS + Econ,RD,"Jan 1, 2027",~3.4%,1500-1580,~$88k,Approx,Test-required; must submit; RD
6,Reach,UPenn,M&T (Wharton+SEAS),ED I (binding),"Nov 1, 2026",4.24%,1510-1560,~$92k,Verified,"PRIMARY ED - biggest boost, zero $ risk"
7,Reach,Columbia,CS + Econ,RD,"Jan 1, 2027",~3.9%,1510-1560,~$93k,Approx,NYC quant; RD
8,Reach,Cornell,ORIE / CS,RD (ED alt),"Jan 2, 2027",8.4%,1500-1570,~$90k,Verified,Most attainable Ivy; ED alternative
9,Reach,UChicago,Econ + CS,EA (non-binding),"Nov 1, 2026",~5.4%,1510-1570,~$92k,Approx,"TO-friendly, loves spikes; EA free upside"
10,Reach,UC Berkeley,EECS / M.E.T.,UC app,"Nov 30, 2026",~11% (EECS ~4%),Test-blind,~$72k OOS,Approx,Best top shot; 1410 ignored (test-blind)
11,Reach,UCLA,CS,UC app,"Nov 30, 2026",~9%,Test-blind,~$72k OOS,Approx,"Test-blind; impacted CS, strong holistic"
12,Target,CMU,SCS / CS+Business,RD (ED if retake),"Jan 3, 2027",SCS ~5-7%,1500-1560,~$85k,Approx,#1 for AI; score-sensitive -> retake helps
13,Target,Georgia Tech,CS / Quant&Comp Finance,EA,"Oct 15, 2026",~16% (CS lower),1400-1550,~$52k OOS,Approx,Elite CS value; test-required -> submit
14,Target,UIUC,CS+Econ / CS+X,EA,"Nov 1, 2026",~44% (CS ~7%),1350-1520,~$52k OOS,Approx,CS+X backdoor to top-5 CS
15,Target,U Michigan,CS,EA,"Nov 1, 2026",~18%,1350-1530,~$74k OOS,Approx,EA boost; builder-friendly
16,Target,USC,CS / Iovine & Young,EA (scholarship),"Nov 1, 2026",~10%,1450-1540,~$95k,Approx,I&Y innovation fit + big merit
17,Target,NYU,Business + CS (Stern x Tandon),ED II (binding),"Jan 1, 2027",~9-12%,1450-1560,~$93k,Approx,"ED II - need-aware, full-pay edge; exact fit"
18,Target,Northeastern,CS (co-op),EA,"Nov 1, 2026",~5-7%,1460-1550,~$90k,Approx,Co-op rewards internships; full-pay edge
19,Target,UC San Diego,CS / Data Science,UC app,"Nov 30, 2026",~25%,Test-blind,~$72k OOS,Approx,"Test-blind; strong CS, better odds"
20,Target,UC Davis,CS,UC app,"Nov 30, 2026",~37%,Test-blind,~$71k OOS,Approx,Test-blind anchor
21,Target,UC Irvine,CS,UC app,"Nov 30, 2026",~26%,Test-blind,~$71k OOS,Approx,Test-blind; strong ICS
22,Target,UC Santa Barbara,CS,UC app,"Nov 30, 2026",~26%,Test-blind,~$71k OOS,Approx,Test-blind; solid CS
23,Target,Cal Poly SLO,CS,Cal State Apply,"Nov 30, 2026",~28% (CS lower),Test-blind,~$46k OOS,Approx,Most selective CSU; hands-on CS
24,Target,UW-Seattle,CS (Allen),RD,"Nov 15, 2026",~40% (CS low),1350-1520,~$62k OOS,Approx,Strong CS; direct-admit competitive
25,Safety,Purdue,CS,EA,"Nov 1, 2026",~50% (CS lower),1270-1470,~$50k OOS,Approx,Elite CS value + merit
26,Safety,Wisconsin,CS,EA,"Nov 1, 2026",~43%,1370-1500,~$60k OOS,Approx,Reliable strong-CS anchor; test-required
27,Safety,Ohio State (Honors),CS,EA (scholarship),"Nov 1, 2026",~53%,1270-1460,~$50k OOS,Approx,Honors + merit; likely admit
28,Safety,San Jose State,CS,Cal State Apply,"Nov 30, 2026",~77% (CS impacted),Test-blind,~$46k OOS,Approx,Silicon Valley pipeline; test-blind
29,Safety,ASU (Barrett),CS,Rolling,ASAP (rolling),~90%,Test-optional,~$45k OOS,Approx,Safety + big merit; apply early
30,Safety,U Alabama,CS,Rolling,ASAP (rolling),~80%,Submit SAT (auto),~$45k OOS,Approx,Auto-scholarship for your stats; true safety
,,,,,,,,,,
,Balance:,"11 Reach - 13 Target - 6 Safety | 6 UCs + 2 CSUs (test-blind) | ED I: UPenn, ED II: NYU",,,,,,,,
,Top action:,Retake SAT toward 1500+ (lifts every test-required reach); UCs/CSUs ignore it (test-blind).,,,,,,,,
